Folder,Photo names,,Area,Mean,Min,Max,Angle,Lenght
A1_23_03_24,A1_23_03_24_1x5.JPG,1,6.43E-02,"100,385","56,333","122,918","-7,572",0.146
A1_23_03_24,A1_23_03_24_2x5.JPG,2,9.12E-02,"89,016","22,875","125,791","161,680",0.208
A1_23_03_24,A1_23_03_24_3x5.JPG,3,2.96E-02,"111,665","92,500","121,345","59,744",0.067
A1_23_03_24,A1_23_03_24_4x5,4,4.01E-02,"132,373","112,000","151,853","-160,346",0.091
A1_23_03_24,A1_23_03_24_5x5,5,6.55E-02,"99,181","63,875","113,919","95,576",0.149
A1_23_03_24,A1_23_03_24_7x5,6,8.07E-02,"57,989","20,433","99,475","-18,954",0.183
A1_23_03_24,A1_23_03_24_8x5,7,5.19E-02,"102,180","74,087","124,674","119,613",0.118
A1_23_03_24,A1_23_03_24_9x5.JPG,8,5.76E-02,"115,286","83,478","137,387","-62,322",0.131
A1_23_03_24,A1_23_03_24_11x5,9,8.95E-02,"72,496","25,513","122,523","-122,802",0.204
A1_23_03_24,A1_23_03_24_12x5,10,5.26E-02,"94,553","59,667","114,999","14,850",0.120
A1_23_03_24,A1_23_03_24_13x5.JPG,11,9.99E-02,"84,993","45,786","124,867","115,924",0.228
A1_23_03_24,A1_23_03_24_14x5,12,4.99E-02,"85,298","38,911","112,837","-149,378",0.114
A1_23_03_24,A1_23_03_24_15x5.JPG,13,8.20E-02,"70,219","26,629","116,019",-0.672,0.187
A1_23_03_24,A1_23_03_24_17x5,14,7.45E-02,"86,394","36,000","118,775",-0.888,0.170
A1_23_03_24,A1_23_03_24_18x5,15,5.22E-02,"83,330","53,484","103,952","66,510",0.119
A1_23_03_24,A1_23_03_24_19x5,16,5.49E-02,"97,600","60,504","124,013","-60,380",0.125
A1_23_03_24,A1_23_03_24_20x5,17,4.15E-02,"103,511","56,027","128,130","-81,719",0.094
A1_23_03_24,A1_23_03_24_21x5,18,1.09E-01,"50,923","22,501","83,238","-100,396",0.248
A1_23_03_24,A1_23_03_24_22x5,19,5.74E-02,"54,958","30,340","93,667","142,361",0.131
A1_23_03_24,A1_23_03_24_24x5.JPG,20,6.61E-02,"102,458","62,614","120,248","-75,478",0.150
A1_23_03_24,A1_23_03_24_25x5.JPG,21,7.11E-02,"97,906","68,000","121,925","-31,017",0.162
A1_23_03_24,A1_23_03_24_26x5.JPG,22,1.02E-01,"62,427","25,744","100,796","-157,596",0.232
A1_23_03_24,A1_23_03_24_27x5.JPG,23,5.28E-02,"133,507","82,667","155,591","41,009",0.120
A1_23_03_24,A1_23_03_24_28x5.JPG,24,1.13E-01,"77,242","30,404","111,891","147,124",0.257
A1_23_03_24,A1_23_03_24_29x5.JPG,25,7.39E-02,"100,229","54,690","126,000","-143,578",0.168
A1_23_03_24,A1_23_03_24_30x5.JPG,26,6.80E-02,"96,354","73,056","126,333","85,452",0.155
A1_23_03_24,A1_23_03_24_31x5.JPG,27,7.51E-02,"112,961","69,330","139,373","-94,995",0.171
A1_23_03_24,A1_23_03_24_33x5.JPG,28,6.63E-02,"116,591","58,512","151,609","7,187",0.151
A1_23_03_24,A1_23_03_24_34x5.JPG,29,7.09E-02,"97,585","60,000","123,093","-145,059",0.161
A1_23_03_24,A1_23_03_24_35x5.JPG,30,8.16E-02,"103,019","76,334","120,498","-44,522",0.186
A1_23_03_24,A1_23_03_24_36x5.JPG,31,6.93E-02,"111,929","67,773","135,483","-118,560",0.158
A1_23_03_24,A1_23_03_24_37x5.JPG,32,6.32E-02,"86,999","47,986","118,699","-178,952",0.144
A1_23_03_24,A1_23_03_24_38x5.JPG,33,1.17E-01,"74,644","29,264","111,864","-119,768",0.267
A1_23_03_24,A1_23_03_24_39x5.JPG,34,1.03E-01,"85,337","58,486","106,689","34,283",0.235
A1_23_03_24,A1_23_03_24_40x5.JPG,35,6.88E-02,"105,250","53,375","128,554","62,069",0.156
A1_23_03_24,A1_23_03_24_42x5.JPG,36,7.14E-02,"120,689","77,287","145,716","-35,232",0.163
A1_23_03_24,A1_23_03_24_43x5.JPG,37,6.22E-02,"110,894","70,666","132,719","17,090",0.142
A1_23_03_24,A1_23_03_24_44x5.JPG,38,7.07E-02,"111,830","72,999","135,630","54,752",0.161
A1_23_03_24,A1_23_03_24_46x5.JPG,39,7.03E-02,"32,948","15,712","65,927","-117,408",0.160
A1_23_03_24,A1_23_03_24_47x5.JPG,40,6.22E-02,"115,799","73,727","135,328","154,704",0.142
A1_23_03_24,A1_23_03_24_48x5,41,1.14E-01,"75,791","29,926","127,690","28,734",0.259
A1_23_03_24,A1_23_03_24_49x5.JPG,42,5.20E-02,"119,298","98,467","144,269","-102,851",0.118
A1_23_03_24,A1_23_03_24_50x5.JPG,43,1.20E-01,"89,526","29,276","124,979","-100,699",0.274
A1_23_03_24,A1_23_03_24_51x5.JPG,44,1.10E-01,"102,143","54,000","124,082","144,787",0.252
A1_23_03_24,A1_23_03_24_52x5.JPG,45,1.06E-01,"54,572","20,165","82,781","-175,228",0.242
A1_23_03_24,A1_23_03_24_53x5.JPG,46,7.55E-02,"100,348","50,667","132,970","116,369",0.172
A1_23_03_24,A1_23_03_24_54x5.JPG,47,1.10E-01,"55,085","23,737","84,354","-138,475",0.251
A1_23_03_24,A1_23_03_24_55x5.JPG,48,1.20E-01,"71,340","31,079","111,333","-57,888",0.274
A1_23_03_24,A1_23_03_24_56x5.JPG,49,1.17E-01,"49,440","16,344","90,027","85,079",0.266
A1_23_03_24,A1_23_03_24_56x5.JPG,50,6.91E-02,"91,943","49,172","118,394","7,521",0.157
A1_23_03_24,A1_23_03_24_56x5.JPG,51,6.80E-02,"60,815","30,000","84,751","55,725",0.155
A1_23_03_24,A1_23_03_24_57x5.JPG,52,7.37E-02,"96,252","68,536","115,554","71,896",0.168
A1_23_03_24,A1_23_03_24_58x5.JPG,53,7.74E-02,"85,371","46,153","111,662","-65,922",0.176
A1_23_03_24,A1_23_03_24_59x5.JPG,54,5.72E-02,"73,763","37,712","104,082","114,237",0.130
A1_23_03_24,A1_23_03_24_60x5.JPG,55,7.09E-02,"115,045","56,800","140,210","148,209",0.161
A1_23_03_24,A1_23_03_24_61x5.JPG,56,7.49E-02,"80,548","53,189","105,149","126,017",0.171
A1_23_03_24,A1_23_03_24_62x5.JPG,57,7.30E-02,"119,115","81,772","140,369","-84,847",0.166
A2_23_03_24,A2_23_03_24_1x5.JPG,1,8.81E-02,"94,279",60,"115,890","157,825",0.200
A2_23_03_24,A2_23_03_24_2x5.JPG,2,1.16E-01,"54,468","24,663","88,654","89,428",0.264
A2_23_03_24,A2_23_03_24_3x5.JPG,3,1.15E-01,"71,073","45,828","104,492","103,175",0.262
A2_23_03_24,A2_23_03_24_4x5.JPG,4,1.19E-01,"64,524","19,663","101,977","123,923",0.270
A2_23_03_24,A2_23_03_24_5x5.JPG,5,9.49E-02,"68,139","26,699","95,373","106,554",0.216
A2_23_03_24,A2_23_03_24_6x5.JPG,6,6.15E-02,"25,020","11,000","48,786","91,081",0.140
A2_23_03_24,A2_23_03_24_8x5.JPG,7,7.70E-02,"70,562","39,394","98,829","37,259",0.175
A2_23_03_24,A2_23_03_24_9x5.JPG,8,1.24E-01,"73,478","35,941","104,758","67,026",0.283
A2_23_03_24,A2_23_03_24_10x5.JPG,9,1.01E-01,"60,076","20,609","90,667","92,816",0.229
A2_23_03_24,A2_23_03_24_11x5.JPG,10,1.10E-01,"68,379","30,066","93,477","56,562",0.249
A2_23_03_24,A2_23_03_24_12x5.JPG,11,8.99E-02,"54,697","27,333","90,640","-109,720",0.204
A2_23_03_24,A2_23_03_24_13x5.JPG,12,1.22E-01,"77,460","30,192","106,770","-156,694",0.276
A2_23_03_24,A2_23_03_24_14x5.JPG,13,7.39E-02,"69,990","45,542","94,885","139,391",0.168
A2_23_03_24,A2_23_03_24_16x5.JPG,14,6.64E-02,"109,335","56,980","138,897","91,670",0.151
A2_23_03_24,A2_23_03_24_17x5.JPG,15,1.21E-01,"45,019","14,000","69,683","-161,536",0.276
A2_23_03_24,A2_23_03_24_18x5.JPG,16,7.29E-02,"64,847","42,343","90,508","135,322",0.166
A2_23_03_24,A2_23_03_24_20x5.JPG,17,1.23E-01,"97,494","65,423","126,582","117,855",0.279
A2_23_03_24,A2_23_03_24_21x5.JPG,18,1.09E-01,"66,914","19,263","93,301","151,353",0.247
A2_23_03_24,A2_23_03_24_22x5.JPG,19,9.01E-02,"62,703","27,418","111,758","158,336",0.205
A2_23_03_24,A2_23_03_24_23x5.JPG,20,1.13E-01,"65,678","22,707","103,872","-150,061",0.257
A2_23_03_24,A2_23_03_24_24x5.JPG,21,1.15E-01,"55,639","16,915","111,584","150,517",0.262
A2_23_03_24,A2_23_03_24_25x5.JPG,22,7.79E-02,"39,600","13,193","67,113","-144,297",0.177
A2_23_03_24,A2_23_03_24_26x5.JPG,23,1.01E-01,"54,134","21,891","80,240","-157,347",0.230
A2_23_03_24,A2_23_03_24_27x5.JPG,24,1.11E-01,"91,843","34,883","123,953","88,906",0.253
A2_23_03_24,A2_23_03_24_29x5.JPG,25,6.92E-02,"79,527","49,862","100,536","27,981",0.157
A2_23_03_24,A2_23_03_24_30x5.JPG,26,1.07E-01,"68,369","27,920","102,612","121,797",0.243
A2_23_03_24,A2_23_03_24_33x5.JPG,27,1.23E-01,"63,097","26,676","105,307","85,065",0.281
A2_23_03_24,A2_23_03_24_36x5.JPG,28,1.14E-01,"57,434","26,831","86,402","135,412",0.259
A2_23_03_24,A2_23_03_24_37x5.JPG,29,9.95E-02,"47,481","27,236","72,262","57,358",0.226
A2_23_03_24,A2_23_03_24_38x5.JPG,30,1.04E-01,"56,792","23,577","83,483","94,905",0.236
A2_23_03_24,A2_23_03_24_39x5.JPG,31,1.16E-01,"37,690","13,944","76,456","111,113",0.265
A2_23_03_24,A2_23_03_24_40x5.JPG,32,1.32E-01,"87,293","47,196","122,183","65,542",0.299
A2_23_03_24,A2_23_03_24_41x5.JPG,33,6.67E-02,"93,849","59,832","118,290","-179,004",0.152
A2_23_03_24,A2_23_03_24_42x5.JPG,34,7.12E-02,"102,607","64,065","126,503","44,230",0.162
A2_23_03_24,A2_23_03_24_43x5.JPG,35,7.58E-02,"92,041","52,504","114,664","36,285",0.172
A2_23_03_24,A2_23_03_24_44x5.JPG,36,1.17E-01,"53,287","21,877","96,996","147,020",0.265
A2_23_03_24,A2_23_03_24_45x5.JPG,37,8.91E-02,"46,882","25,420","82,315","-96,601",0.202
A2_23_03_24,A2_23_03_24_46x5.JPG,38,1.05E-01,"49,172","19,321","70,402","82,183",0.239
A2_23_03_24,A2_23_03_24_47x5.JPG,39,1.12E-01,"61,604","27,693","89,501","113,016",0.254
A2_23_03_24,A2_23_03_24_48x5.JPG,40,6.62E-02,"76,831","38,000","98,080","124,155",0.150
A2_23_03_24,A2_23_03_24_50x5.JPG,41,1.12E-01,"71,284","43,652","106,798","107,906",0.256
A2_23_03_24,A2_23_03_24_51x5.JPG,42,1.11E-01,"92,322","48,401","126,736","126,049",0.251
A2_23_03_24,A2_23_03_24_52x5.JPG,43,9.47E-02,"56,673","27,678","82,645","20,283",0.215
A2_23_03_24,A2_23_03_24_53x5.JPG,44,7.54E-02,"40,791","20,707","63,373","-75,608",0.171
A3_23_03_24,A3_23_03_24_1x5.JPG,45,8.74E-02,"25,585","11,000","46,869","-94,311",0.199
A3_23_03_24,A3_23_03_24_2x5.JPG,46,8.54E-02,"91,415","44,646","112,333","177,668",0.194
A3_23_03_24,A3_23_03_24_3x5.JPG,47,9.80E-02,"51,748","22,305","80,870","-137,719",0.223
A3_23_03_24,A3_23_03_24_4x5.JPG,48,1.10E-01,"72,841","42,444","103,841","89,697",0.249
A3_23_03_24,A3_23_03_24_6x5.JPG,49,1.10E-01,"51,736","16,110","83,853","125,339",0.250
A3_23_03_24,A3_23_03_24_10x5.JPG,50,1.23E-01,"53,310","19,862","87,016","61,981",0.279
A3_23_03_24,A3_23_03_24_12x5.JPG,51,7.10E-02,"36,833","17,333","72,070","-55,877",0.161
A3_23_03_24,A3_23_03_24_13x5.JPG,52,5.21E-02,"28,087","12,333","52,667","91,278",0.118
A3_23_03_24,A3_23_03_24_14x5.JPG,53,7.48E-02,"87,291","40,432","120,889","163,017",0.170
A3_23_03_24,A3_23_03_24_18x5.JPG,54,1.17E-01,"77,410","27,080","137,601","107,896",0.266
A3_23_03_24,A3_23_03_24_20x5.JPG,55,1.08E-01,"70,096","26,020","126,136","126,012",0.246
A3_23_03_24,A3_23_03_24_21x5.JPG,56,8.60E-02,"87,535","41,501","123,461","91,802",0.196
A3_23_03_24,A3_23_03_24_22x5.JPG,56,6.91E-02,"98,749","52,333","128,367","-43,072",0.157
A3_23_03_24,A3_23_03_24_24x5.JPG,57,7.85E-02,"97,177","55,585","125,512","36,390",0.178
A3_23_03_24,A3_23_03_24_26x5.JPG,58,1.26E-01,"85,626","27,972","134,061","130,906",0.287
A3_23_03_24,A3_23_03_24_27x5.JPG,59,1.08E-01,"63,425","28,304","101,540","-167,505",0.246
A3_23_03_24,A3_23_03_24_28x5.JPG,60,1.20E-01,"59,787","30,345","87,685","-41,160",0.274
A3_23_03_24,A3_23_03_24_29x5.JPG,61,1.25E-01,"39,490","12,028","78,686","36,411",0.285
A3_23_03_24,A3_23_03_24_32x5.JPG,62,7.33E-02,"30,347","10,945","52,227","26,295",0.167
A3_23_03_24,A3_23_03_24_34x5.JPG,63,1.21E-01,"73,584","30,073","93,988","-7,000",0.274
A3_23_03_24,A3_23_03_24_35x5.JPG,64,1.16E-01,"55,607","25,595","92,224","8,211",0.264
A3_23_03_24,A3_23_03_24_36x5.JPG,65,1.23E-01,"38,688","11,970","80,828","-150,603",0.278
A3_23_03_24,A3_23_03_24_37x5.JPG,66,1.07E-01,"60,040","23,498","97,709","-33,142",0.242
A3_23_03_24,A3_23_03_24_40x5.JPG,67,7.45E-02,"79,706","44,487","103,076","-23,238",0.169
A3_23_03_24,A3_23_03_24_41x5.JPG,68,1.21E-01,"45,798","17,422","72,873","-3,018",0.275
A3_23_03_24,A3_23_03_24_42x5.JPG,69,1.23E-01,"48,838","19,925","75,961","14,602",0.280
A3_23_03_24,A3_23_03_24_44x5.JPG,70,8.72E-02,"88,036","44,439","118,084","-34,430",0.198
A3_23_03_24,A3_23_03_24_45x5.JPG,71,6.79E-02,"92,781","48,086","120,593","92,121",0.154
A3_23_03_24,A3_23_03_24_46x5.JPG,72,7.58E-02,"81,213","41,474","105,460","105,383",0.172
A3_23_03_24,A3_23_03_24_47x5.JPG,73,1.21E-01,"38,473","14,607","68,654","120,210",0.275
A3_23_03_24,A3_23_03_24_48x5.JPG,74,1.05E-01,"52,206","21,870","90,891","87,037",0.238
A3_23_03_24,A3_23_03_24_49x5.JPG,75,7.00E-02,"46,691","20,667","88,912","88,576",0.159
A3_23_03_24,A3_23_03_24_51x5.JPG,76,6.96E-02,"80,390","40,333","106,946","148,518",0.158
A3_23_03_24,A3_23_03_24_52x5.JPG,77,1.12E-01,"84,965","40,601","114,685","61,713",0.255
A3_23_03_24,A3_23_03_24_53x5.JPG,78,1.33E-01,"57,913","18,321","115,763","-164,020",0.302
A3_23_03_24,A3_23_03_24_54x5.JPG,79,7.31E-02,"104,171","66,333","128,467","80,862",0.166
A3_23_03_24,A3_23_03_24_55x5.JPG,80,8.68E-02,"80,771","31,070","105,986","67,321",0.197
A3_23_03_24,A3_23_03_24_56x5.JPG,81,1.18E-01,"72,445","30,972","122,514","62,098",0.269
A3_23_03_24,A3_23_03_24_57x5.JPG,82,1.25E-01,"45,113","16,301","73,046","105,738",0.283
A3_23_03_24,A3_23_03_24_58x5.JPG,83,1.11E-01,"54,098","20,876","85,841","92,403",0.251
A3_23_03_24,A3_23_03_24_59x5.JPG,84,1.24E-01,"44,595","13,203","81,176","50,194",0.281
A4_23_03_24,A4_23_03_24_1x5.JPG,85,1.13E-01,"62,168","17,533","94,981","-157,689",0.257
A4_23_03_24,A4_23_03_24_2x5.JPG,86,7.48E-02,"88,106","52,765","116,568","18,388",0.170
A4_23_03_24,A4_23_03_24_3x5.JPG,87,6.40E-02,"66,020","34,579","95,611","158,391",0.145
A4_23_03_24,A4_23_03_24_4x5.JPG,88,9.24E-02,"37,863","13,835","57,526","113,136",0.210
A4_23_03_24,A4_23_03_24_5x5.JPG,89,9.37E-02,"34,447","15,327","59,000","-56,179",0.213
A4_23_03_24,A4_23_03_24_6x5.JPG,1,1.12E-01,"42,846","15,810","72,326","-25,417",0.254
A4_23_03_24,A4_23_03_24_7x5.JPG,2,1.13E-01,"74,063","36,333","94,314","-63,130",0.258
A4_23_03_24,A4_23_03_24_8x5.JPG,3,9.19E-02,"38,967","26,321","57,484","-99,029",0.209
A4_23_03_24,A4_23_03_24_9x5.JPG,4,1.16E-01,"25,905","11,550","41,466","-31,855",0.266
A4_23_03_24,A4_23_03_24_11x5.JPG,5,7.81E-02,"72,025","28,398","101,518","-51,803",0.178
A4_23_03_24,A4_23_03_24_12x5.JPG,6,8.10E-02,"85,020","43,347","108,363","-101,363",0.185
A4_23_03_24,A4_23_03_24_14x5.JPG,7,6.71E-02,"65,280","29,069","83,937","47,903",0.153
A4_23_03_24,A4_23_03_24_15x5.JPG,8,9.48E-02,"101,326","63,279","125,396","-63,227",0.216
A4_23_03_24,A4_23_03_24_16x5.JPG,9,8.46E-02,"66,033","26,373","97,953","-35,750",0.193
A4_23_03_24,A4_23_03_24_18x5.JPG,10,1.09E-01,"56,002","20,041","91,970","-109,586",0.248
A4_23_03_24,A4_23_03_24_19x5.JPG,11,9.52E-02,"81,643","36,073","113,576","-94,053",0.217
A4_23_03_24,A4_23_03_24_22x5.JPG,12,1.10E-01,"49,808","17,993","86,796","-81,983",0.251
A4_23_03_24,A4_23_03_24_23x5.JPG,13,1.18E-01,"67,028","28,791","106,710","-91,121",0.269
A4_23_03_24,A4_23_03_24_27x5.JPG,14,1.07E-01,"75,898","29,567","130,251","144,974",0.245
A4_23_03_24,A4_23_03_24_28x5.JPG,15,7.02E-02,"74,282","39,002","101,849","87,490",0.160
A4_23_03_24,A4_23_03_24_32x5.JPG,16,1.17E-01,"65,624","24,000","109,102","108,853",0.266
A4_23_03_24,A4_23_03_24_37x5.JPG,17,1.07E-01,"65,535","33,837","119,091","118,315",0.244
A4_23_03_24,A4_23_03_24_38x5.JPG,18,7.65E-02,"82,476","47,667","110,209","36,207",0.174
A4_23_03_24,A4_23_03_24_39x5.JPG,19,9.44E-02,"60,091","23,348","96,428","-14,856",0.215
A4_23_03_24,A4_23_03_24_40x5.JPG,20,1.15E-01,"48,663","16,987","86,748","-51,310",0.262
A4_23_03_24,A4_23_03_24_41x5.JPG,21,9.44E-02,"66,620","21,146","100,747","98,427",0.215
A4_23_03_24,A4_23_03_24_42x5.JPG,22,1.14E-01,"50,823","17,712","83,447","60,495",0.260
A4_23_03_24,A4_23_03_24_43x5.JPG,23,6.83E-02,"60,135","26,045","100,165","-135,228",0.155
A4_23_03_24,A4_23_03_24_44x5.JPG,1,1.20E-01,"76,296","27,252","123,503","131,290",0.273
A4_23_03_24,A4_23_03_24_45x5.JPG,2,1.42E-01,"61,760","18,095","100,156","51,133",0.322
A4_23_03_24,A4_23_03_24_47x5.JPG,3,1.21E-01,"52,905","20,228","105,904","121,811",0.275
A4_23_03_24,A4_23_03_24_48x5.JPG,4,1.16E-01,"62,763","23,152","107,264","54,308",0.265
A4_23_03_24,A4_23_03_24_49x5.JPG,5,6.89E-02,"90,877","38,614","117,070","4,017",0.157
A4_23_03_24,A4_23_03_24_50x5.JPG,6,8.90E-02,"34,266","21,667","49,597","-62,879",0.202
A4_23_03_24,A4_23_03_24_51x5.JPG,7,6.24E-02,"75,658","30,773","100,981","54,442",0.142
B1_23_03_24,B1_23_03_24_1x5.JPG,8,8.14E-02,"66,539","37,299","91,840","163,327",0.185
B1_23_03_24,B1_23_03_24_2x5.JPG,9,7.82E-02,"84,439","40,814","105,902","-170,910",0.178
B1_23_03_24,B1_23_03_24_3x5.JPG,10,1.30E-01,"67,510","17,088","105,457","127,995",0.295
B1_23_03_24,B1_23_03_24_4x5.JPG,11,9.99E-02,"43,864","12,811","74,334","94,433",0.227
B1_23_03_24,B1_23_03_24_5x5.JPG,12,1.20E-01,"85,870","29,887","130,366","134,740",0.273
B1_23_03_24,B1_23_03_24_6x5.JPG,13,1.18E-01,"101,443","35,667","133,769","47,726",0.267
B1_23_03_24,B1_23_03_24_7x5.JPG,14,7.66E-02,"112,038","89,228","129,809","162,844",0.174
B1_23_03_24,B1_23_03_24_8x5.JPG,15,1.18E-01,"56,290","18,000","106,189","114,762",0.268
B1_23_03_24,B1_23_03_24_9x5.JPG,16,6.95E-02,"79,698","45,667","103,969","-33,911",0.158
B1_23_03_24,B1_23_03_24_10x5.JPG,17,7.82E-02,"64,908","36,000","83,732","94,670",0.178
B1_23_03_24,B1_23_03_24_10x5.JPG,18,7.53E-02,"97,544","42,808","127,703","80,417",0.171
B1_23_03_24,B1_23_03_24_10x5.JPG,19,7.78E-02,"94,965","62,266","116,916","106,414",0.177
B1_23_03_24,B1_23_03_24_11x5.JPG,20,6.85E-02,"81,987","44,467","99,085","-127,677",0.156
B1_23_03_24,B1_23_03_24_12x5.JPG,21,7.45E-02,"88,192","45,278","108,692","-65,990",0.169
B1_23_03_24,B1_23_03_24_13x5.JPG,22,7.78E-02,"69,016","29,015","99,454","32,940",0.177
B1_23_03_24,B1_23_03_24_14x5.JPG,23,7.24E-02,"71,353","33,512","98,160","-1,833",0.165
B1_23_03_24,B1_23_03_24_15x5.JPG,24,1.23E-01,"72,567","19,728","106,875","-175,124",0.279
B1_23_03_24,B1_23_03_24_16x5.JPG,26,7.03E-02,"85,602","52,034","104,111","28,887",0.160
B1_23_03_24,B1_23_03_24_17x5.JPG,27,1.26E-01,"49,847","14,000","92,687","98,813",0.286
B1_23_03_24,B1_23_03_24_18x5.JPG,1,1.20E-01,"41,800",9,"74,809","168,254",0.272
B1_23_03_24,B1_23_03_24_19x5.JPG,2,1.21E-01,"91,901","38,035","129,554","99,897",0.276
B1_23_03_24,B1_23_03_24_21x5.JPG,3,7.65E-02,"74,689","32,549","105,631","40,083",0.174
B1_23_03_24,B1_23_03_24_22x5.JPG,4,3.49E-02,"40,994","23,667","59,776","28,560",0.079
B1_23_03_24,B1_23_03_24_24x5.JPG,5,1.23E-01,"58,061","14,688","109,018","77,276",0.279
B1_23_03_24,B1_23_03_24_26x5.JPG,6,1.15E-01,"64,297","27,755","89,524","98,922",0.260
B1_23_03_24,B1_23_03_24_28x5.JPG,7,1.14E-01,"64,197","22,496","115,790","-86,885",0.259
B1_23_03_24,B1_23_03_24_30x5.JPG,8,8.56E-02,"43,261","17,853","75,216","-96,740",0.194
B1_23_03_24,B1_23_03_24_31x5.JPG,9,1.33E-01,"50,840","17,998","86,262","-122,535",0.302
B1_23_03_24,B1_23_03_24_32x5.JPG,10,1.25E-01,"56,904","16,080","88,500","-68,396",0.284
B1_23_03_24,B1_23_03_24_40x5.JPG,11,1.16E-01,"56,862","30,184","84,499","-45,541",0.263
B1_23_03_24,B1_23_03_24_41x5.JPG,12,1.26E-01,"67,772","21,824","109,847","43,886",0.287
B1_23_03_24,B1_23_03_24_43x5.JPG,13,1.04E-01,"41,297","16,458","72,206","-69,980",0.236
B1_23_03_24,B1_23_03_24_45x5.JPG,14,8.52E-02,"79,804","35,333","104,142","-126,974",0.193
B1_23_03_24,B1_23_03_24_49x5.JPG,15,1.19E-01,"81,939","37,501","107,939","-171,566",0.269
B1_23_03_24,B1_23_03_24_51x5.JPG,16,7.13E-02,"24,657","13,664","50,000","-86,269",0.162
B1_23_03_24,B1_23_03_24_52x5.JPG,17,1.20E-01,"40,277","16,779","68,246","40,701",0.273
B2_23_03_24,B2_23_03_24_1x5.JPG,18,7.88E-02,"84,126","48,464","106,067","-137,783",0.179
B2_23_03_24,B2_23_03_24_2x5.JPG,19,1.10E-01,"83,196","36,921","122,417","157,249",0.251
B2_23_03_24,B2_23_03_24_3x5.JPG,20,1.25E-01,"45,607","17,333","78,570","-125,538",0.283
B2_23_03_24,B2_23_03_24_4x5.JPG,21,7.46E-02,"105,642","71,667","122,620","-64,498",0.169
B2_23_03_24,B2_23_03_24_5x5.JPG,22,1.22E-01,"57,839","24,177","81,344","10,759",0.277
B2_23_03_24,B2_23_03_24_6x5.JPG,23,9.58E-02,"60,391","28,891","84,906","-39,687",0.218
B2_23_03_24,B2_23_03_24_7x5.JPG,24,1.16E-01,"100,361","33,981","138,727","-112,973",0.263
B2_23_03_24,B2_23_03_24_8x5.JPG,24,1.14E-01,"46,180","14,949","75,883","-82,021",0.259
B2_23_03_24,B2_23_03_24_11x5.JPG,25,1.05E-01,"103,298","57,503","130,306","-158,962",0.238
B2_23_03_24,B2_23_03_24_12x5.JPG,26,9.98E-02,"73,802","31,667","113,910","100,919",0.227
B2_23_03_24,B2_23_03_24_13x5.JPG,27,1.02E-01,"68,845","32,000","106,362","113,326",0.233
B2_23_03_24,B2_23_03_24_14x5.JPG,28,8.15E-02,"43,003","16,965","78,776","62,343",0.185
B2_23_03_24,B2_23_03_24_15x5.JPG,29,1.02E-01,"57,018","18,971","88,963","103,799",0.232
B2_23_03_24,B2_23_03_24_16x5,30,1.12E-01,"33,864","7,925","63,863","138,071",0.255
B2_23_03_24,B2_23_03_24_18x5.JPG,31,8.21E-02,"41,493","17,406","66,513","68,749",0.187
B2_23_03_24,B2_23_03_24_19x5.JPG,32,9.87E-02,"52,474","12,789","93,961","138,255",0.224
B2_23_03_24,B2_23_03_24_22x5.JPG,33,1.17E-01,"60,806","20,894","87,016","24,077",0.267
B2_23_03_24,B2_23_03_24_24x5.JPG,34,1.05E-01,"47,796","13,193","89,577","-63,529",0.238
B2_23_03_24,B2_23_03_24_25x5.JPG,35,1.10E-01,"45,229","14,333","81,228","-77,428",0.250
B2_23_03_24,B2_23_03_24_26x5.JPG,36,1.07E-01,"37,086","20,434","74,213","-108,043",0.244
B2_23_03_24,B2_23_03_24_27x5.JPG,37,1.02E-01,"35,174","12,785","55,079","-100,033",0.232
B2_23_03_24,B2_23_03_24_32x5.JPG,38,9.89E-02,"55,936","31,254","75,135","-37,139",0.225
B2_23_03_24,B2_23_03_24_33x5.JPG,39,8.67E-02,"49,219","20,240","76,824","29,505",0.197
B2_23_03_24,B2_23_03_24_36x5.JPG,40,1.05E-01,"19,898","13,000","29,249","3,168",0.238
B2_23_03_24,B2_23_03_24_37x5.JPG,41,1.00E-01,"71,078","43,462","100,747","70,830",0.227
B2_23_03_24,B2_23_03_24_40x5.JPG,42,1.10E-01,"61,247","36,115","100,445","94,244",0.249
B2_23_03_24,B2_23_03_24_41x5.JPG,43,1.19E-01,"37,989","11,123","84,602","129,746",0.271
B2_23_03_24,B2_23_03_24_42x5.JPG,44,1.21E-01,"34,457","11,548","81,952","105,783",0.276
B2_23_03_24,B2_23_03_24_44x5.JPG,45,9.48E-02,"35,091","8,726","63,226","135,165",0.215
B2_23_03_24,B2_23_03_24_45x5.JPG,46,1.11E-01,"67,313","43,787","91,976","-42,455",0.252
B3_23_03_24,B3_23_03_24_3x5.JPG,47,6.90E-02,"64,413","36,000","84,069","37,383",0.157
B3_23_03_24,B3_23_03_24_4x5.JPG,48,1.05E-01,"36,152","10,004","81,371","82,377",0.238
B3_23_03_24,B3_23_03_24_5x5.JPG,49,9.85E-02,"49,313","16,551","91,340","58,400",0.224
B3_23_03_24,B3_23_03_24_6x5.JPG,50,8.31E-02,"46,954","17,484","91,511","97,621",0.189
B3_23_03_24,B3_23_03_24_7x5.JPG,51,1.04E-01,"55,684","17,747","98,314","76,170",0.237
B3_23_03_24,B3_23_03_24_8x5.JPG,52,1.25E-01,"104,461","38,815","136,184","51,299",0.283
B3_23_03_24,B3_23_03_24_9x5.JPG,53,1.08E-01,"59,306","19,000","113,613","78,891",0.246
B3_23_03_24,B3_23_03_24_10x5.JPG,54,1.15E-01,"48,455","13,490","102,568","63,349",0.260
B3_23_03_24,B3_23_03_24_11x5.JPG,55,1.22E-01,"66,222","35,186","107,217","114,737",0.277
B3_23_03_24,B3_23_03_24_12x5.JPG,56,6.78E-02,"80,339","50,768","107,569","-137,078",0.154
B3_23_03_24,B3_23_03_24_13x5.JPG,57,1.02E-01,"39,437","14,466","72,561","13,694",0.232
B3_23_03_24,B3_23_03_24_14x5.JPG,58,1.02E-01,"62,018","22,309","96,497","162,762",0.233
B3_23_03_24,B3_23_03_24_16x5.JPG,59,1.20E-01,"52,138","14,485","88,313","122,923",0.273
B3_23_03_24,B3_23_03_24_17x5.JPG,60,1.08E-01,"77,080","35,427","115,318","70,270",0.246
B3_23_03_24,B3_23_03_24_18x5.JPG,61,9.81E-02,"41,224","13,667","73,708","73,171",0.223
B3_23_03_24,B3_23_03_24_20x5.JPG,62,7.82E-02,"18,056","6,444","58,100","42,597",0.178
B3_23_03_24,B3_23_03_24_21x5.JPG,63,8.86E-02,"38,110","10,000","65,962","97,388",0.201
B3_23_03_24,B3_23_03_24_22x5.JPG,64,9.23E-02,"35,286","10,847","67,222","64,186",0.210
B3_23_03_24,B3_23_03_24_23x5.JPG,65,1.08E-01,"39,333","10,000","93,385","100,168",0.246
B3_23_03_24,B3_23_03_24_24x5.JPG,66,1.11E-01,"58,627","20,780","96,446","45,000",0.253
B3_23_03_24,B3_23_03_24_25x5.JPG,67,1.25E-01,"74,206","41,422","113,539","159,007",0.283
B3_23_03_24,B3_23_03_24_26x5.JPG,68,7.44E-02,"86,715","54,536","108,146","-13,964",0.169
B3_23_03_24,B3_23_03_24_27x5.JPG,69,6.67E-02,"77,396","41,200","103,120","-174,851",0.152
B3_23_03_24,B3_23_03_24_28x5.JPG,70,1.19E-01,"46,781","15,000","86,037","148,623",0.271
B3_23_03_24,B3_23_03_24_29x5.JPG,71,1.15E-01,"43,213","19,020","85,533","-80,188",0.260
B3_23_03_24,B3_23_03_24_30x5.JPG,72,1.10E-01,"37,599","13,195","55,117","-52,327",0.251
B3_23_03_24,B3_23_03_24_31x5.JPG,73,1.26E-01,"86,505","28,795","127,704","-34,712",0.287
B3_23_03_24,B3_23_03_24_32x5.JPG,74,1.17E-01,"55,090","14,667","95,665","-105,660",0.267
B3_23_03_24,B3_23_03_24_33x5.JPG,75,1.05E-01,"49,266","15,176","86,130","-129,430",0.240
B3_23_03_24,B3_23_03_24_34x5.JPG,76,9.66E-02,"57,844","29,124","83,180","-90,115",0.219
B3_23_03_24,B3_23_03_24_35x5.JPG,77,7.42E-02,"51,736","24,521","84,021","-42,364",0.169
B3_23_03_24,B3_23_03_24_38x5.JPG,78,7.07E-02,"66,090","31,997","92,076","6,582",0.161
B3_23_03_24,B3_23_03_24_39x5.JPG,79,6.09E-02,"89,056","41,397","118,129","-55,098",0.138
B3_23_03_24,B3_23_03_24_40x5.JPG,80,1.18E-01,"50,293","15,000","83,655","-99,031",0.268
B3_23_03_24,B3_23_03_24_41x5.JPG,81,1.28E-01,"80,871","27,046","119,399","-31,886",0.290
B3_23_03_24,B3_23_03_24_42x5.JPG,82,1.11E-01,"30,027","12,015","48,511","-50,424",0.253
B3_23_03_24,B3_23_03_24_44x5.JPG,83,1.23E-01,"69,403","18,207","103,953","-116,445",0.280
B3_23_03_24,B3_23_03_24_45x5.JPG,84,9.67E-02,"64,457","14,715","99,231","155,584",0.220
B3_23_03_24,B3_23_03_24_46x5.JPG,85,9.96E-02,"56,914","16,000","97,771","-177,891",0.227
B3_23_03_24,B3_23_03_24_47x5.JPG,86,1.04E-01,"39,147","11,469","68,203","155,284",0.237
B3_23_03_24,B3_23_03_24_48x5.JPG,87,1.20E-01,"60,664","18,710","90,761","-139,851",0.272
B3_23_03_24,B3_23_03_24_49x5.JPG,88,1.10E-01,"37,771","14,667","76,911","129,318",0.251
B3_23_03_24,B3_23_03_24_50x5.JPG,89,1.04E-01,"51,714","15,891","120,001","155,247",0.236
B3_23_03_24,B3_23_03_24_51x5.JPG,90,9.52E-02,"63,762","31,209","107,261","179,651",0.216
B3_23_03_24,B3_23_03_24_54x5.JPG,91,9.81E-02,"47,989","17,163","84,872","132,365",0.223
B4_23_03_24,B4_23_03_24_1x5.JPG,92,1.16E-01,"77,881","19,502","119,447","-167,048",0.264
B4_23_03_24,B4_23_03_24_2x5.JPG,93,1.07E-01,"40,465","9,742","71,582","-107,913",0.244
B4_23_03_24,B4_23_03_24_3x5.JPG,94,1.09E-01,"36,698","12,032","63,981","-106,923",0.247
B4_23_03_24,B4_23_03_24_4x5.JPG,95,1.18E-01,"73,090","42,000","106,277","-68,949",0.268
B4_23_03_24,B4_23_03_24_6x5.JPG,96,9.98E-02,"46,043","25,000","78,536","-122,369",0.227
B4_23_03_24,B4_23_03_24_7x5.JPG,97,1.15E-01,"33,536","10,000","59,979","-118,022",0.263
B4_23_03_24,B4_23_03_24_8x5.JPG,98,1.06E-01,"49,915","15,866","77,980","-93,128",0.241
B4_23_03_24,B4_23_03_24_9x5.JPG,99,9.87E-02,"49,376","10,764","79,513","-147,735",0.224
B4_23_03_24,B4_23_03_24_10x5.JPG,100,8.98E-02,"47,403","23,419","74,908","2,586",0.204
B4_23_03_24,B4_23_03_24_11x5.JPG,101,9.37E-02,"79,139","39,874","116,952","167,023",0.213
B4_23_03_24,B4_23_03_24_12x5.JPG,102,9.94E-02,"59,363","21,021","87,234","-129,164",0.226
B4_23_03_24,B4_23_03_24_13x5.JPG,103,1.12E-01,"36,814","9,794","74,120","-140,157",0.256
B4_23_03_24,B4_23_03_24_14x5.JPG,104,1.03E-01,"61,585","29,423","104,895","-74,158",0.233
B4_23_03_24,B4_23_03_24_16x5.JPG,105,1.11E-01,"52,368","20,667","80,606","-131,551",0.253
B4_23_03_24,B4_23_03_24_17x5.JPG,106,9.25E-02,"52,254","25,279","92,133","-99,738",0.210
B4_23_03_24,B4_23_03_24_19x5.JPG,107,1.25E-01,"22,534","10,225","53,444","-116,011",0.284
B4_23_03_24,B4_23_03_24_20x5.JPG,108,9.60E-02,"47,217","20,431","79,988","-102,917",0.218
B4_23_03_24,B4_23_03_24_22x5.JPG,109,9.64E-02,"60,879","21,667","106,506","-173,216",0.219
B4_23_03_24,B4_23_03_24_23x5.JPG,110,1.06E-01,"60,013","23,676","97,024","-177,597",0.241
B4_23_03_24,B4_23_03_24_24x5.JPG,111,1.03E-01,"80,797","36,056","130,831","-123,988",0.234
B4_23_03_24,B4_23_03_24_25x5.JPG,112,1.20E-01,"62,298","20,513","98,487","-76,097",0.274
B4_23_03_24,B4_23_03_24_27x5.JPG,113,1.07E-01,"69,577","29,402","97,380","-102,506",0.243
B4_23_03_24,B4_23_03_24_30x5.JPG,114,5.78E-02,"21,970","13,874","36,742","-79,970",0.131
B4_23_03_24,B4_23_03_24_31x5.JPG,115,1.04E-01,"36,802","14,696","50,498","-53,895",0.237
B4_23_03_24,B4_23_03_24_32x5.JPG,116,6.28E-02,"39,840","21,891","66,236","-20,329",0.143
B4_23_03_24,B4_23_03_24_33x5.JPG,117,9.81E-02,"71,869","26,336","110,705","-18,613",0.223
B4_23_03_24,B4_23_03_24_34x5.JPG,118,1.01E-01,"51,277","20,757","105,030","34,902",0.230
B4_23_03_24,B4_23_03_24_36x5.JPG,119,9.35E-02,"50,310","31,083","77,709","-60,520",0.212
B4_23_03_24,B4_23_03_24_37x5.JPG,120,1.23E-01,"43,930","21,676","89,207","-66,422",0.279
B4_23_03_24,B4_23_03_24_38x5.JPG,121,6.82E-02,"33,642","24,667","59,667","-27,509",0.155
B4_23_03_24,B4_23_03_24_39x5.JPG,122,1.07E-01,"68,523","32,671","97,255","-85,760",0.243
B4_23_03_24,B4_23_03_24_41x5.JPG,123,3.49E-02,"44,287","33,000","60,606","-69,146",0.079
B4_23_03_24,B4_23_03_24_42x5.JPG,124,9.46E-02,"58,605","26,428","84,347","-100,232",0.215
B4_23_03_24,B4_23_03_24_44x5.JPG,125,1.14E-01,"34,530","12,687","73,170","1,948",0.258
B4_23_03_24,B4_23_03_24_45x5.JPG,126,8.73E-02,"38,048","13,407","60,343","-102,254",0.199
C1_23_03_24,C1_23_03_24_2x5.JPG,2,9.30E-02,"76,925","37,523","107,317","-176,787",0.211
C1_23_03_24,C1_23_03_24_3x5.JPG,3,7.78E-02,"40,032","13,011","76,105","-140,231",0.177
C1_23_03_24,C1_23_03_24_4x5.JPG,4,1.19E-01,"68,100","20,916","106,555","-155,587",0.272
C1_23_03_24,C1_23_03_24_5x5.JPG,5,1.06E-01,"37,569","13,859","59,075","-109,162",0.241
C1_23_03_24,C1_23_03_24_6x5.JPG,6,1.12E-01,"50,137","15,874","78,168","-178,716",0.255
C1_23_03_24,C1_23_03_24_7x5.JPG,7,1.04E-01,"77,206","32,591","104,644","138,092",0.236
C1_23_03_24,C1_23_03_24_8x5.JPG,8,1.15E-01,"50,628","11,000","80,930","-145,645",0.262
C1_23_03_24,C1_23_03_24_8x5.JPG,9,6.08E-02,"17,240","9,600","26,813","-126,870",0.138
C1_23_03_24,C1_23_03_24_9x5.JPG,10,1.06E-01,"76,484","31,784","104,251","-173,174",0.240
C1_23_03_24,C1_23_03_24_11x5.JPG,11,6.60E-02,"73,208","27,686","105,683","-146,217",0.150
C1_23_03_24,C1_23_03_24_12x5.JPG,12,1.05E-01,"53,722","22,667","94,620","-10,014",0.240
C1_23_03_24,C1_23_03_24_13x5.JPG,13,8.95E-02,"37,753","19,857","73,042","-28,551",0.204
C1_23_03_24,C1_23_03_24_14x5.JPG,14,6.57E-02,"81,039","52,350","110,143","-95,225",0.149
C1_23_03_24,C1_23_03_24_15x5.JPG,15,9.76E-02,"61,672","32,100","94,121","175,011",0.222
C1_23_03_24,C1_23_03_24_16x5.JPG,16,1.07E-01,"56,146","19,775","90,927","4,130",0.244
C1_23_03_24,C1_23_03_24_17x5.JPG,17,9.55E-02,"76,345","49,967","104,982","-160,759",0.217
C1_23_03_24,C1_23_03_24_18x5.JPG,18,1.24E-01,"51,636","14,447","76,735","-61,404",0.282
C1_23_03_24,C1_23_03_24_19x5.JPG,19,6.33E-02,"98,220","56,071","123,807","-123,690",0.144
C1_23_03_24,C1_23_03_24_20x5.JPG,20,9.36E-02,"53,745","23,269","82,904","117,252",0.213
C1_23_03_24,C1_23_03_24_21x5.JPG,21,1.02E-01,"74,303","25,790","106,229","-85,344",0.232
C1_23_03_24,C1_23_03_24_23x5.JPG,22,1.06E-01,"66,986","21,417","108,224","-174,890",0.241
C1_23_03_24,C1_23_03_24_24x5.JPG,23,1.05E-01,"38,065","15,912","81,231","177,919",0.240
C1_23_03_24,C1_23_03_24_25x5.JPG,24,8.78E-02,"51,798","21,205","83,135","-83,437",0.200
C1_23_03_24,C1_23_03_24_27x5.JPG,25,9.82E-02,"50,176","18,270","88,725","-158,575",0.223
C1_23_03_24,C1_23_03_24_28x5.JPG,26,9.63E-02,"81,708","37,753","106,829","-137,356",0.219
C1_23_03_24,C1_23_03_24_29x5.JPG,27,1.03E-01,"68,627","33,307","97,101","-142,078",0.234
C1_23_03_24,C1_23_03_24_30x5.JPG,28,6.31E-02,"76,427","41,109","102,412","-88,596",0.143
C1_23_03_24,C1_23_03_24_31x5JPG,29,9.34E-02,"67,689","28,664","100,780","-80,966",0.212
C1_23_03_24,C1_23_03_24_32x5.JPG,30,1.08E-01,"93,928","46,587","137,233","-146,963",0.245
C1_23_03_24,C1_23_03_24_35x5.JPG,31,1.02E-01,"91,193","50,333","119,626","-14,854",0.231
C1_23_03_24,C1_23_03_24_36x5.JPG,32,9.93E-02,"34,857","13,578","70,520","-121,994",0.226
C1_23_03_24,C1_23_03_24_37x5.JPG,33,6.53E-02,"96,874","48,960","130,397","-111,329",0.148
C1_23_03_24,C1_23_03_24_38x5.JPG,34,9.28E-02,"51,054","27,000","81,444","-85,464",0.211
C1_23_03_24,C1_23_03_24_39x5.JPG,35,9.38E-02,"35,064","18,230","48,300","9,947",0.213
C1_23_03_24,C1_23_03_24_40x5.JPG,36,1.08E-01,"61,270","18,444","96,210","-167,159",0.245
C1_23_03_24,C1_23_03_24_41x5.JPG,37,1.17E-01,"62,562","27,286","100,394","-145,863",0.265
C1_23_03_24,C1_23_03_24_42x5.JPG,38,8.84E-02,"36,743","18,012","72,707","107,130",0.201
C1_23_03_24,C1_23_03_24_43x5.JPG,39,8.28E-02,"25,820","12,092","49,244","11,415",0.188
C1_23_03_24,C1_23_03_24_44x5.JPG,40,1.15E-01,"62,270","26,620","99,218","32,117",0.262
C1_23_03_24,C1_23_03_24_45x5.JPG,41,5.85E-02,"60,836","44,231","74,980","-130,724",0.133
C1_23_03_24,C1_23_03_24_45x5.JPG,42,8.05E-02,"15,407","8,667","28,734","8,965",0.183
C1_23_03_24,C1_23_03_24_46x5.JPG,43,1.00E-01,"50,164","32,485","87,141","-52,579",0.228
C1_23_03_24,C1_23_03_24_47x5.JPG,44,1.07E-01,"27,111","16,159","51,333","-63,942",0.244
C1_23_03_24,C1_23_03_24_48x5.JPG,45,1.15E-01,"66,536","24,753","109,252","29,911",0.262
C1_23_03_24,C1_23_03_24_49x5.JPG,46,9.40E-02,"87,852","35,724","115,635","-94,832",0.214
C1_23_03_24,C1_23_03_24_50x5.JPG,47,5.78E-02,"104,192","73,014","131,918","-52,958",0.131
C1_23_03_24,C1_23_03_24_51x5.JPG,48,6.45E-02,"92,322","63,548","117,349","-67,499",0.147
C1_23_03_24,C1_23_03_24_52x5.JPG,49,9.72E-02,"52,343","16,052","89,514","-2,732",0.221
C1_23_03_24,C1_23_03_24_53x5.JPG,50,6.20E-02,"15,492","9,497","26,589","-36,263",0.141
C2_23_03_24,C2_23_03_24_1x5.JPG,51,1.13E-01,"78,103","22,778","116,225","-90,490",0.257
C2_23_03_24,C2_23_03_24_2x5.JPG,52,1.01E-01,"34,965","18,159","66,781","-57,225",0.229
C2_23_03_24,C2_23_03_24_3x5.JPG,53,9.07E-02,"48,747","24,070","81,484","-116,838",0.206
C2_23_03_24,C2_23_03_24_4x5.JPG,54,9.11E-02,"42,976","13,997","69,652","-79,380",0.207
C2_23_03_24,C2_23_03_24_7x5.JPG,55,9.86E-02,"30,988","15,260","61,826","17,548",0.224
C2_23_03_24,C2_23_03_24_8x5.JPG,56,1.07E-01,"59,289","16,704","94,860","-62,043",0.242
C2_23_03_24,C2_23_03_24_9x5.JPG,57,9.09E-02,"69,498","35,903","98,464","-68,447",0.207
C2_23_03_24,C2_23_03_24_10x5.JPG,58,1.06E-01,"99,796","59,851","121,064","4,511",0.240
C2_23_03_24,C2_23_03_24_11x5.JPG,59,9.68E-02,"48,207","22,381","78,632","-37,304",0.220
C2_23_03_24,C2_23_03_24_12x5.JPG,60,1.03E-01,"49,362","16,159","87,339","-52,721",0.233
C2_23_03_24,C2_23_03_24_13x5.JPG,61,1.10E-01,"64,710","16,411","107,713","177,589",0.250
C2_23_03_24,C2_23_03_24_14x5.JPG,62,7.74E-02,"46,474","17,242","80,706","151,709",0.176
C2_23_03_24,C2_23_03_24_15x5.JPG,63,1.21E-01,"50,473","11,659","86,084","100,631",0.276
C2_23_03_24,C2_23_03_24_16x5.JPG,64,9.51E-02,"70,774","25,333","98,036","-79,009",0.216
C2_23_03_24,C2_23_03_24_17x5.JPG,65,1.02E-01,"71,659","30,650","103,726","-109,807",0.232
C2_23_03_24,C2_23_03_24_18x5.JPG,66,9.95E-02,"57,727","21,313","85,963","-159,002",0.227
C2_23_03_24,C2_23_03_24_19x5.JPG,67,9.70E-02,"66,099","20,062","101,251","-102,405",0.221
C2_23_03_24,C2_23_03_24_20x5.JPG,68,9.57E-02,"28,107","12,694","59,984","-109,677",0.218
C2_23_03_24,C2_23_03_24_21x5.JPG,69,1.10E-01,"32,467","13,953","68,518","-43,793",0.250
C2_23_03_24,C2_23_03_24_23x5.JPG,70,8.78E-02,"31,842","15,070","56,433","-158,854",0.199
C2_23_03_24,C2_23_03_24_23x5.JPG,71,1.07E-01,"29,585","12,147","69,274","-98,101",0.243
C2_23_03_24,C2_23_03_24_24x5.JPG,72,5.08E-02,"33,930","17,000","55,667","29,880",0.115
C2_23_03_24,C2_23_03_24_25x5.JPG,73,8.70E-02,"69,320","30,775","100,807","-160,039",0.198
C2_23_03_24,C2_23_03_24_26x5.JPG,74,1.14E-01,"41,449","11,255","76,075","172,296",0.259
C2_23_03_24,C2_23_03_24_27x5.JPG,75,7.60E-02,"38,604","16,096","61,499","-112,396",0.173
C2_23_03_24,C2_23_03_24_28x5.JPG,76,1.05E-01,"24,533","12,249","65,930","-120,604",0.240
C2_23_03_24,C2_23_03_24_29x5.JPG,77,1.08E-01,"48,124","13,669","76,658","-85,389",0.246
C2_23_03_24,C2_23_03_24_30x5.JPG,78,1.07E-01,"30,880","14,648","57,333","-86,676",0.242
C2_23_03_24,C2_23_03_24_31x5.JPG,79,9.97E-02,"39,146","13,973","88,999","-95,325",0.227
C2_23_03_24,C2_23_03_24_32x5.JPG,80,9.45E-02,"47,168","28,619","73,400","-98,213",0.215
C2_23_03_24,C2_23_03_24_33x5JPG,81,9.74E-02,"39,353","18,224","66,691","-83,297",0.222
C2_23_03_24,C2_23_03_24_37x5.JPG,82,1.07E-01,"59,916","22,325","85,325","-103,835",0.242
C2_23_03_24,C2_23_03_24_38x5.JPG,83,8.76E-02,"39,829","15,233","72,921","-17,158",0.199
C2_23_03_24,C2_23_03_24_39x5.JPG,84,1.09E-01,"54,577","18,389","101,045","-113,583",0.249
C2_23_03_24,C2_23_03_24_41x5.JPG,85,9.93E-02,"57,763","16,667","96,195","-98,602",0.226
C2_23_03_24,C2_23_03_24_42x5.JPG,86,7.59E-02,"45,322","19,170","78,816","-145,461",0.173
C2_23_03_24,C2_23_03_24_43x5.JPG,87,9.97E-02,"39,586","15,224","85,749","-113,140",0.227
C2_23_03_24,C2_23_03_24_44x5.JPG,88,8.95E-02,"41,191","19,830","59,752","-95,317",0.204
C2_23_03_24,C2_23_03_24_46x5.JPG,89,1.11E-01,"38,531","17,667","86,546","-88,401",0.252
C2_23_03_24,C2_23_03_24_48x5.JPG,90,9.99E-02,"62,019","22,561","101,181","112,850",0.227
C2_23_03_24,C2_23_03_24_49x5.JPG,91,9.24E-02,"32,054","12,878","52,971","-19,380",0.210
C3_23_03_24,C3_23_03_24_1x5.JPG,92,1.01E-01,"72,391","28,107","111,238","24,417",0.230
C3_23_03_24,C3_23_03_24_2x5.JPG,93,1.09E-01,"90,981","43,697","119,094","-152,213",0.248
C3_23_03_24,C3_23_03_24_3x5.JPG,94,1.09E-01,"56,971","16,480","92,995","171,424",0.247
C3_23_03_24,C3_23_03_24_4x5.JPG,95,1.03E-01,"62,905","22,866","108,707","127,640",0.235
C3_23_03_24,C3_23_03_24_5x5.JPG,96,1.11E-01,"78,093","25,939","118,249","57,995",0.252
C3_23_03_24,C3_23_03_24_8x5.JPG,97,1.03E-01,"56,367","21,347","100,890","96,685",0.234
C3_23_03_24,C3_23_03_24_9x5.JPG,98,9.30E-02,"50,609","23,371","93,070","130,795",0.212
C3_23_03_24,C3_23_03_24_11x5.JPG,99,7.60E-02,"45,275","14,027","77,644","79,773",0.173
C3_23_03_24,C3_23_03_24_12x5.JPG,100,1.05E-01,"81,850","27,972","113,370","-14,674",0.239
C3_23_03_24,C3_23_03_24_13x5.JPG,101,1.08E-01,"80,181","35,946","122,640","127,055",0.245
C3_23_03_24,C3_23_03_24_14x5.JPG,102,1.09E-01,"58,822","15,008","99,847","-52,543",0.248
C3_23_03_24,C3_23_03_24_14x5.JPG,103,8.36E-02,"28,320","13,631","78,434","119,646",0.190
C3_23_03_24,C3_23_03_24_15x5.JPG,104,1.03E-01,"93,776","30,104","127,929","124,668",0.235
C3_23_03_24,C3_23_03_24_16x5.JPG,105,6.57E-02,"97,881","70,355","116,757","-70,392",0.149
C3_23_03_24,C3_23_03_24_19x5.JPG,106,1.02E-01,"80,846","33,698","113,439","82,470",0.231
C3_23_03_24,C3_23_03_24_20x5.JPG,107,9.57E-02,"58,364","21,438","99,255","128,948",0.218
C3_23_03_24,C3_23_03_24_22x5.JPG,108,1.12E-01,"85,857","35,202","115,176","30,172",0.256
C3_23_03_24,C3_23_03_24_23x5.JPG,109,9.13E-02,"50,516","20,478","89,678","20,542",0.208
C3_23_03_24,C3_23_03_24_25x5.JPG,110,8.66E-02,"46,811","17,000","86,316","-149,891",0.197
C3_23_03_24,C3_23_03_24_26x5.JPG,111,1.04E-01,"97,293","52,012","128,985","-107,632",0.238
C3_23_03_24,C3_23_03_24_27x5.JPG,112,8.12E-02,"40,224","16,034","92,648","60,694",0.185
C3_23_03_24,C3_23_03_24_28x5.JPG,113,1.10E-01,"80,305","41,000","116,528","42,715",0.249
C3_23_03_24,C3_23_03_24_29x5.JPG,114,1.01E-01,"92,065","39,516","128,581","84,746",0.230
C3_23_03_24,C3_23_03_24_31x5.JPG,115,1.03E-01,"62,126","19,667","104,087","106,049",0.233
C3_23_03_24,C3_23_03_24_32x5.JPG,116,1.00E-01,"75,726","29,080","108,602","116,861",0.228
C3_23_03_24,C3_23_03_24_33x5.JPG,117,9.32E-02,"53,064","24,000","77,293","9,657",0.212
C3_23_03_24,C3_23_03_24_34x5.JPG,118,1.08E-01,"79,501","31,667","111,573","-46,670",0.245
C3_23_03_24,C3_23_03_24_35x5.JPG,119,6.74E-02,"86,173","40,493","112,296","83,424",0.153
C3_23_03_24,C3_23_03_24_36x5.JPG,120,9.22E-02,"83,498","32,601","108,318","10,487",0.210
C3_23_03_24,C3_23_03_24_37x5.JPG,121,9.40E-02,"37,635","20,670","63,103","-135,666",0.213
C3_23_03_24,C3_23_03_24_38x5.JPG,122,1.14E-01,"68,987","28,107","106,665","-59,931",0.260
C3_23_03_24,C3_23_03_24_40x5.JPG,123,1.06E-01,"47,601","18,934","83,740","-63,013",0.240
C3_23_03_24,C3_23_03_24_41x5.JPG,124,1.06E-01,"62,562","25,431","93,221","-94,399",0.240
C3_23_03_24,C3_23_03_24_42x5.JPG,125,1.15E-01,"82,411","39,138","118,769","-114,842",0.261
C3_23_03_24,C3_23_03_24_44x5.JPG,126,7.22E-02,"75,517","38,596","105,744","-64,530",0.164
C3_23_03_24,C3_23_03_24_45x5.JPG,127,5.95E-02,"72,825","47,629","94,897","-12,186",0.135
C3_23_03_24,C3_23_03_24_46x5.JPG,128,1.06E-01,"66,721","26,566","120,503","123,661",0.240
C4_23_03_24,C4_23_03_24_2x5.JPG,129,9.57E-02,"39,750","16,006","84,892","-146,021",0.217
C4_23_03_24,C4_23_03_24_3x5.JPG,130,1.08E-01,"59,029","25,837","91,175","166,830",0.246
C4_23_03_24,C4_23_03_24_4x5.JPG,132,6.62E-02,"29,730","12,043","61,832","140,087",0.150
C4_23_03_24,C4_23_03_24_6x5.JPG,133,1.09E-01,"65,887","32,000","94,197","-112,557",0.247
C4_23_03_24,C4_23_03_24_8x5.JPG,134,1.12E-01,"42,217","24,228","86,889","-122,152",0.254
C4_23_03_24,C4_23_03_24_9x5.JPG,135,9.80E-02,"39,463","16,063","74,789","-105,295",0.223
C4_23_03_24,C4_23_03_24_12x5.JPG,136,8.36E-02,"30,043","12,000","55,673","103,362",0.190
C4_23_03_24,C4_23_03_24_13x5.JPG,137,7.05E-02,"28,398","15,704","43,889","11,864",0.160
C4_23_03_24,C4_23_03_24_16x5.JPG,138,9.82E-02,"55,702","27,333","98,672","176,396",0.223
C4_23_03_24,C4_23_03_24_17x5.JPG,139,1.04E-01,"33,414","12,152","86,835","-148,782",0.237
C4_23_03_24,C4_23_03_24_19x5.JPG,140,1.01E-01,"27,990","17,440","46,881","70,731",0.229
C4_23_03_24,C4_23_03_24_22x5.JPG,141,1.00E-01,"45,949","23,734","77,223","72,646",0.228
C4_23_03_24,C4_23_03_24_24x5.JPG,142,9.34E-02,"35,479","20,000","67,000","90,000",0.212
C4_23_03_24,C4_23_03_24_26x5.JPG,143,1.07E-01,"102,694","56,508","137,590","86,884",0.242
C4_23_03_24,C4_23_03_24_28x5.JPG,144,1.07E-01,"81,800","38,162","118,813","-69,857",0.242
C4_23_03_24,C4_23_03_24_29x5.JPG,145,9.99E-02,"52,872","36,952","77,520","176,679",0.227
C4_23_03_24,C4_23_03_24_30x5.JPG,146,9.14E-02,"42,521","23,186","78,929","109,199",0.208
C4_23_03_24,C4_23_03_24_32x5.JPG,147,1.13E-01,"51,530","32,349","85,000","92,549",0.256
C4_23_03_24,C4_23_03_24_34x5.JPG,148,1.17E-01,"66,167","24,919","101,446","111,260",0.267
C4_23_03_24,C4_23_03_24_35x5.JPG,149,9.82E-02,"31,708","13,055","65,548","133,646",0.223
C4_23_03_24,C4_23_03_24_36x5.JPG,150,7.68E-02,"57,463","25,893","102,997","1,583",0.175
C4_23_03_24,C4_23_03_24_37x5.JPG,151,7.59E-02,"52,740","27,506","81,497","-45,412",0.173
C4_23_03_24,C4_23_03_24_39x5.JPG,152,1.06E-01,"54,012","22,931","105,571","109,226",0.241
C4_23_03_24,C4_23_03_24_40x5.JPG,153,9.49E-02,"23,606","11,809","47,902","-2,095",0.216
C4_23_03_24,C4_23_03_24_44x5.JPG,154,1.04E-01,"57,872","37,746","81,418","82,729",0.236
C4_23_03_24,C4_23_03_24_45x5.JPG,155,1.08E-01,"67,176","33,058","103,333","98,653",0.245
C4_23_03_24,C4_23_03_24_46x5.JPG,156,1.10E-01,"58,700","17,772","103,131","111,167",0.250
C4_23_03_24,C4_23_03_24_47x5.JPG,157,9.90E-02,"90,736","40,626","128,042","125,642",0.225
C4_23_03_24,C4_23_03_24_48x5.JPG,158,7.01E-02,"97,385","62,552","129,970","77,762",0.159
D1_23_03_24,D1_23_03_24_1x5.JPG,2,1.27E-01,"74,701","28,787","122,642","90,696",0.289
D1_23_03_24,D1_23_03_24_4x5.JPG,3,1.16E-01,"55,236","23,095","100,289","50,316",0.264
D1_23_03_24,D1_23_03_24_5x5.JPG,4,1.05E-01,"54,546","18,928","108,795",0.000,0.239
D1_23_03_24,D1_23_03_24_7x5.JPG,5,1.31E-01,"89,822","48,454","123,045",0.000,0.299
D1_23_03_24,D1_23_03_24_8x5.JPG,6,1.22E-01,"80,895","27,010","125,095","108,205",0.277
D1_23_03_24,D1_23_03_24_9x5.JPG,7,1.26E-01,"100,435","38,653","134,081","115,424",0.287
D1_23_03_24,D1_23_03_24_10x5.JPG,8,1.20E-01,"92,524","48,522","148,266","139,279",0.274
D1_23_03_24,D1_23_03_24_11x5.JPG,9,1.34E-01,"52,913","16,410","104,493","-155,063",0.304
D1_23_03_24,D1_23_03_24_13x5.JPG,10,1.28E-01,"92,456","44,851","123,711","102,107",0.291
D1_23_03_24,D1_23_03_24_14x5.JPG,11,9.27E-02,"38,490","20,205","78,678","-137,614",0.211
D1_23_03_24,D1_23_03_24_15x5.JPG,12,6.41E-02,"68,773","46,464","106,980","96,226",0.146
D1_23_03_24,D1_23_03_24_16x5.JPG,13,1.29E-01,"96,804","41,092","132,179","-98,106",0.292
D1_23_03_24,D1_23_03_24_17x5.JPG,14,1.26E-01,"51,081","18,862","90,377","-116,135",0.288
D1_23_03_24,D1_23_03_24_18x5.JPG,15,7.12E-02,"88,936","51,472","111,499","177,672",0.162
D1_23_03_24,D1_23_03_24_19x5.JPG,16,1.20E-01,"75,268","23,191","109,797","-139,558",0.273
D1_23_03_24,D1_23_03_24_20x5.JPG,17,1.26E-01,"49,536","24,211","86,734","-36,221",0.286
D1_23_03_24,D1_23_03_24_21x5.JPG,18,1.16E-01,"50,498","24,124","90,761","161,445",0.265
D1_23_03_24,D1_23_03_24_22x5.JPG,19,8.35E-02,"113,498","83,309","139,657","-33,213",0.190
D1_23_03_24,D1_23_03_24_23x5.JPG,20,1.22E-01,"87,017","42,333","131,989","-101,026",0.277
D1_23_03_24,D1_23_03_24_24x5.JPG,21,9.69E-02,"53,178","32,667","81,315","-59,153",0.221
D1_23_03_24,D1_23_03_24_25x5.JPG,22,1.03E-01,"54,365","21,432","80,582","10,324",0.235
D1_23_03_24,D1_23_03_24_26x5.JPG,23,1.29E-01,"59,714","27,602","89,696","140,535",0.293
D2_23_03_24,D2_23_03_24_1x5.JPG,24,1.15E-01,"59,230","26,559","89,966","160,444",0.262
D2_23_03_24,D2_23_03_24_2x5.JPG,25,1.07E-01,"64,060","25,007","100,853","-36,520",0.244
D2_23_03_24,D2_23_03_24_3x5.JPG,26,1.15E-01,"60,306","16,222","93,831","157,016",0.261
D2_23_03_24,D2_23_03_24_4x5.JPG,27,1.00E-01,"90,650","50,309","109,771","-137,205",0.228
D2_23_03_24,D2_23_03_24_5x5.JPG,28,9.60E-02,"59,259","31,750","86,091","-72,135",0.218
D2_23_03_24,D2_23_03_24_6x5.JPG,29,1.10E-01,"61,778","20,919","104,959","162,756",0.251
D2_23_03_24,D2_23_03_24_7x5.JPG,30,1.07E-01,"79,030","37,581","109,809","-55,649",0.244
D2_23_03_24,D2_23_03_24_8x5.JPG,31,1.09E-01,"78,846","32,597","106,694","141,103",0.249
D2_23_03_24,D2_23_03_24_9x5.JPG,33,1.11E-01,"59,183","22,650","87,894","-59,995",0.252
D2_23_03_24,D2_23_03_24_10x5.JPG,34,1.15E-01,"66,753","22,271","121,080","-171,608",0.262
D2_23_03_24,D2_23_03_24_11x5.JPG,35,1.08E-01,"94,914","58,750","128,305","-107,653",0.247
D2_23_03_24,D2_23_03_24_12x5.JPG,36,1.14E-01,"82,671","45,034","113,952","-86,128",0.260
D2_23_03_24,D2_23_03_24_13x5.JPG,37,1.10E-01,"88,538","28,253","130,656","41,450",0.250
D2_23_03_24,D2_23_03_24_14x5.JPG,38,1.23E-01,"95,149","39,365","135,087","-170,775",0.279
D2_23_03_24,D2_23_03_24_15x5.JPG,39,7.29E-02,"75,638","51,542","97,532","96,843",0.166
D2_23_03_24,D2_23_03_24_16x5.JPG,40,7.52E-02,"88,954","64,408","110,571","-41,365",0.171
D2_23_03_24,D2_23_03_24_17x5.JPG,41,5.16E-02,"28,886","14,694","43,000","-176,343",0.117
D2_23_03_24,D2_23_03_24_18x5.JPG,42,1.07E-01,"71,152","19,196","107,870","153,573",0.244
D2_23_03_24,D2_23_03_24_20x5.JPG,43,1.15E-01,"23,800","7,829","43,476","162,717",0.262
D2_23_03_24,D2_23_03_24_21x5.JPG,44,1.15E-01,"61,800","21,667","92,143","-51,325",0.262
D2_23_03_24,D2_23_03_24_22x5.JPG,45,1.10E-01,"49,893","24,946","77,536","20,215",0.250
D2_23_03_24,D2_23_03_24_23x5.JPG,46,1.08E-01,"34,290","11,141","60,545","-28,301",0.246
D2_23_03_24,D2_23_03_24_24x5.JPG,47,1.09E-01,"39,298","16,092","83,044","74,568",0.249
D2_23_03_24,D2_23_03_24_25x5.JPG,48,1.06E-01,"113,481","59,283","150,274","-144,280",0.240
D2_23_03_24,D2_23_03_24_26x5.JPG,49,1.11E-01,"75,101","42,278","99,285","-109,187",0.254
D2_23_03_24,D2_23_03_24_27x5.JPG,50,9.25E-02,"53,208","29,713","82,500","46,521",0.210
D2_23_03_24,D2_23_03_24_28x5.JPG,51,8.60E-02,"63,275","30,578","92,667","178,459",0.196
D2_23_03_24,D2_23_03_24_29x5.JPG,52,7.08E-02,"95,942","62,000","115,688","-35,683",0.161
D2_23_03_24,D2_23_03_24_30x5.JPG,53,1.01E-01,"63,711","32,013","91,479","122,505",0.229
D2_23_03_24,D2_23_03_24_31x5.JPG,54,9.91E-02,"71,618","36,320","108,000","88,328",0.226
D2_23_03_24,D2_23_03_24_32x5.JPG,55,6.54E-02,"93,789","53,442","116,792","158,575",0.149
D2_23_03_24,D2_23_03_24_33x5.JPG,56,9.18E-02,"67,641","28,101","120,389","6,034",0.209
D2_23_03_24,D2_23_03_24_34x5.JPG,57,1.16E-01,"30,608","7,433","72,509","131,150",0.263
D2_23_03_24,D2_23_03_24_35x5.JPG,58,7.46E-02,"39,364","12,801","66,905","126,604",0.170
D2_23_03_24,D2_23_03_24_37x5.JPG,59,1.10E-01,"98,311","44,334","151,804","87,178",0.249
D2_23_03_24,D2_23_03_24_38x5.JPG,60,1.14E-01,"63,363","17,707","120,229",0.000,0.258
D2_23_03_24,D2_23_03_24_40x5.JPG,61,6.35E-02,"88,646","49,314","116,128",0.000,0.145
D2_23_03_24,D2_23_03_24_41x5,62,9.58E-02,"99,816","42,667","127,765","144,744",0.218
D2_23_03_24,D2_23_03_24_42x5.JPG,63,6.79E-02,"116,196","61,955","137,533","119,482",0.154
D2_23_03_24,D2_23_03_24_43x5.JPG,64,8.67E-02,"108,605","76,174","129,502","-86,432",0.197
D2_23_03_24,D2_23_03_24_44x5.JPG,65,1.17E-01,"52,882","20,400","83,788","105,131",0.267
D2_23_03_24,D2_23_03_24_45x5.JPG,66,1.02E-01,"88,720","27,439","145,478","102,694",0.232
D2_23_03_24,D2_23_03_24_46x5.JPG,67,8.77E-02,"66,623","24,520","101,974","160,211",0.199
D2_23_03_24,D2_23_03_24_47x5.JPG,68,6.54E-02,"86,667","51,823","107,073","64,341",0.149
D2_23_03_24,D2_23_03_24_48x5.JPG,69,7.02E-02,"109,994","79,432","133,773","22,620",0.160
D2_23_03_24,D2_23_03_24_49x5.JPG,70,7.21E-02,"54,371","26,195","76,864","76,856",0.164
D2_23_03_24,D2_23_03_24_50x5.JPG,71,1.15E-01,"69,766","21,643","109,282","145,857",0.262
D2_23_03_24,D2_23_03_24_51x5.JPG,72,6.81E-02,"106,754","66,333","126,461","43,737",0.155
D2_23_03_24,D2_23_03_24_52x5.JPG,73,6.98E-02,"91,381","51,039","122,090","-21,242",0.159
D3_23_03_24,D3_23_03_24_2x5.JPG,74,1.13E-01,"62,541","24,796","102,099",-0.585,0.258
D3_23_03_24,D3_23_03_24_3x5.JPG,75,1.19E-01,"90,236","45,256","124,396","-58,702",0.271
D3_23_03_24,D3_23_03_24_4x5.JPG,76,9.50E-02,"51,854","24,001","86,000","-73,256",0.216
D3_23_03_24,D3_23_03_24_5x5.JPG,77,8.39E-02,"55,102","33,820","85,031","-95,933",0.191
D3_23_03_24,D3_23_03_24_6x5.JPG,78,7.31E-02,"110,319","64,596","135,778","119,069",0.166
D3_23_03_24,D3_23_03_24_7x5.JPG,79,9.31E-02,"52,510","16,424","97,988","-137,351",0.212
D3_23_03_24,D3_23_03_24_8x5.JPG,80,4.37E-02,"46,854","22,336","81,720","-55,818",0.099
D3_23_03_24,D3_23_03_24_9x5.JPG,81,4.73E-02,"28,332","15,884","49,913","-84,150",0.108
D3_23_03_24,D3_23_03_24_10x5.JPG,82,7.08E-02,"104,252","51,788","133,272","140,535",0.161
D3_23_03_24,D3_23_03_24_11x5.JPG,83,1.13E-01,"59,563","27,564","86,080","-61,812",0.256
D3_23_03_24,D3_23_03_24_13x5.JPG,84,1.05E-01,"26,029","12,669","52,136","40,681",0.239
D3_23_03_24,D3_23_03_24_14x5.JPG,85,7.94E-02,"97,400","62,359","129,962","3,203",0.181
D3_23_03_24,D3_23_03_24_15x5.JPG,86,6.48E-02,"100,824","47,918","130,065","-154,045",0.147
D3_23_03_24,D3_23_03_24_16x5.JPG,87,1.17E-01,"61,289","21,519","108,400","29,850",0.267
D3_23_03_24,D3_23_03_24_18x5.JPG,88,8.44E-02,"64,379","34,000","85,286","56,927",0.192
D3_23_03_24,D3_23_03_24_19x5.JPG,89,1.01E-01,"56,703","28,398","92,335","94,156",0.230
D3_23_03_24,D3_23_03_24_21x5.JPG,90,1.10E-01,"90,407","27,399","128,436","112,511",0.250
D3_23_03_24,D3_23_03_24_22x5.JPG,91,1.06E-01,"56,572","17,456","81,687","117,356",0.241
D3_23_03_24,D3_23_03_24_24x5.JPG,92,1.03E-01,"67,286","21,566","110,547","178,927",0.234
D3_23_03_24,D3_23_03_24_25x5.JPG,93,1.07E-01,"92,577","47,280","136,267","167,862",0.244
D3_23_03_24,D3_23_03_24_26x5.JPG,94,1.24E-01,"98,807","41,143","132,854","-156,182",0.282
D3_23_03_24,D3_23_03_24_27x5.JPG,95,9.69E-02,"42,089","21,333","63,986","-156,442",0.221
D3_23_03_24,D3_23_03_24_28x5.JPG,96,1.04E-01,"56,042","21,918","91,617","84,226",0.235
D3_23_03_24,D3_23_03_24_29x5.JPG,97,6.04E-02,"88,752","54,667","118,439","138,883",0.137
D3_23_03_24,D3_23_03_24_31x5.JPG,98,7.25E-02,"77,408","55,307","104,027","83,895",0.165
D3_23_03_24,D3_23_03_24_32x5.JPG,99,7.44E-02,"96,568","42,264","120,924","80,757",0.169
D3_23_03_24,D3_23_03_24_33x5.JPG,100,6.56E-02,"95,003","58,034","120,411","129,159",0.149
D3_23_03_24,D3_23_03_24_34x5.JPG,101,8.16E-02,"29,975","11,670","62,273","59,734",0.185
D3_23_03_24,D3_23_03_24_35x5.JPG,102,1.08E-01,"63,523","17,000","99,003","85,304",0.246
D3_23_03_24,D3_23_03_24_36x5.JPG,103,1.28E-01,"83,787","25,318","118,797","134,572",0.291
D3_23_03_24,D3_23_03_24_37x5.JPG,104,9.52E-02,"46,851","20,024","83,617","71,455",0.216
D3_23_03_24,D3_23_03_24_38x5.JPG,105,6.94E-02,"84,241","38,105","122,566","72,019",0.158
D3_23_03_24,D3_23_03_24_39x5.JPG,106,6.46E-02,"99,109","50,564","132,584","131,009",0.147
D3_23_03_24,D3_23_03_24_42x5.JPG,107,7.58E-02,"104,607","68,480","128,781","109,311",0.172
D3_23_03_24,D3_23_03_24_43x5.JPG,108,6.04E-02,"103,510","52,715","127,148","80,447",0.137
D3_23_03_24,D3_23_03_24_44x5.JPG,109,8.25E-02,"45,434","16,296","68,000","129,600",0.188
D3_23_03_24,D3_23_03_24_45x5.JPG,110,1.11E-01,"96,018","42,433","121,216","102,831",0.253
D3_23_03_24,D3_23_03_24_46x5.JPG,111,5.71E-02,"102,441","66,667","115,365","7,173",0.130
D3_23_03_24,D3_23_03_24_47x5.JPG,112,7.33E-02,"101,211","63,451","128,838","164,096",0.166
D3_23_03_24,D3_23_03_24_48x5.JPG,113,1.01E-01,"85,594","40,667","110,497","40,672",0.230
D3_23_03_24,D3_23_03_24_49x5.JPG,114,1.06E-01,"89,224","48,599","121,631","118,702",0.242
D3_23_03_24,D3_23_03_24_50x5.JPG,115,1.17E-01,"74,799","31,997","111,054","133,603",0.267
D3_23_03_24,D3_23_03_24_51x5.JPG,116,1.29E-01,"73,490","24,046","126,389","137,732",0.293
D3_23_03_24,D3_23_03_24_52x5.JPG,117,1.14E-01,"57,728","20,323","96,352","5,633",0.259
D4_23_03_24,D4_23_03_24_1x5.JPG,118,1.31E-01,"56,851","24,000","102,765","178,989",0.298
D4_23_03_24,D4_23_03_24_3x5.JPG,119,1.20E-01,"56,260","23,001","92,311","-92,077",0.272
D4_23_03_24,D4_23_03_24_4x5.JPG,120,1.22E-01,"55,483","20,039","101,833","-89,457",0.278
D4_23_03_24,D4_23_03_24_5x5.JPG,121,1.21E-01,"53,174","18,568","102,090","-40,204",0.274
D4_23_03_24,D4_23_03_24_7x5.JPG,122,1.28E-01,"45,237","21,667","85,311","-91,553",0.291
D4_23_03_24,D4_23_03_24_8x5.JPG,123,1.14E-01,"50,428","17,387","91,785","-63,349",0.260
D4_23_03_24,D4_23_03_24_9x5.JPG,124,1.14E-01,"59,768","21,957","123,862","-127,121",0.260
D4_23_03_24,D4_23_03_24_10x5.JPG,125,1.22E-01,"77,260","31,896","125,713","-95,170",0.277
D4_23_03_24,D4_23_03_24_11x5.JPG,126,1.23E-01,"48,653","13,710","95,626","-85,587",0.279
D4_23_03_24,D4_23_03_24_14x5.JPG,127,1.24E-01,"64,903","22,291","117,617","-77,781",0.282
D4_23_03_24,D4_23_03_24_18x5.JPG,128,1.32E-01,"88,038","37,506","130,079","-86,200",0.301
D4_23_03_24,D4_23_03_24_19x5.JPG,129,1.25E-01,"40,142","19,629","84,032","-105,690",0.284
D4_23_03_24,D4_23_03_24_20x5.JPG,130,1.29E-01,"87,493","29,634","135,418","-63,092",0.295
D4_23_03_24,D4_23_03_24_22x5.JPG,131,1.34E-01,"61,270","28,170","92,935","-84,813",0.306
D4_23_03_24,D4_23_03_24_23x5.JPG,132,1.33E-01,"32,896","13,000","82,962","-122,146",0.302
D4_23_03_24,D4_23_03_24_25x5.JPG,133,1.20E-01,"74,300","16,716","116,880","178,619",0.273
D4_23_03_24,D4_23_03_24_26x5.JPG,134,1.31E-01,"58,108","21,524","92,733","-150,182",0.297
D4_23_03_24,D4_23_03_24_27x5.JPG,135,1.29E-01,"65,535","25,333","108,267","-83,130",0.293
D4_23_03_24,D4_23_03_24_30x5.JPG,137,1.21E-01,"71,712","32,394","113,019","-32,422",0.275
D4_23_03_24,D4_23_03_24_32x5.JPG,138,1.23E-01,"72,632","31,498","114,969","-34,712",0.280
D4_23_03_24,D4_23_03_24_34x5.JPG,139,1.30E-01,"84,862","36,906","124,760","99,437",0.296
D4_23_03_24,D4_23_03_24_36x5.JPG,140,1.26E-01,"58,919","20,069","99,562","-91,749",0.287
D4_23_03_24,D4_23_03_24_37x5.JPG,141,7.81E-02,"53,032","17,511","95,677","161,431",0.178
D4_23_03_24,D4_23_03_24_38x5.JPG,142,1.13E-01,"69,690","27,556","124,196","113,724",0.257
D4_23_03_24,D4_23_03_24_40x5.JPG,143,1.29E-01,"55,190","17,845","106,405","-30,522",0.293
D4_23_03_24,D4_23_03_24_41x5.JPG,144,1.14E-01,"75,607","36,544","105,891","30,319",0.261
D4_23_03_24,D4_23_03_24_42x5.JPG,145,7.08E-02,"50,292","12,480","87,874","57,002",0.161
D4_23_03_24,D4_23_03_24_43x5.JPG,146,1.21E-01,"62,451","21,303","107,544","105,143",0.275
D4_23_03_24,D4_23_03_24_44x5.JPG,147,1.27E-01,"94,805","46,523","142,207","45,185",0.289
D4_23_03_24,D4_23_03_24_45x5.JPG,148,1.33E-01,"69,455","21,949","127,498","35,170",0.302
D4_23_03_24,D4_23_03_24_46x5.JPG,149,1.29E-01,"40,557","20,955","75,000","70,127",0.293
D4_23_03_24,D4_23_03_24_47x5.JPG,150,1.23E-01,"45,227","14,593","98,292","118,496",0.279
D4_23_03_24,D4_23_03_24_48x5.JPG,151,1.15E-01,"59,567","15,649","110,367","93,265",0.262
D4_23_03_24,D4_23_03_24_49x5.JPG,152,1.23E-01,"66,581","24,516","121,054","44,491",0.279
E1_23_03_24,E1_23_03_24_1x5.JPG,3,1.03E-01,"42,853","17,721","79,494","-96,779",0.234
E1_23_03_24,E1_23_03_24_2x5.JPG,4,6.79E-02,"27,816","14,951","43,893","13,325",0.154
E1_23_03_24,E1_23_03_24_3x5.JPG,5,9.63E-02,"43,023","15,220","66,946","-148,957",0.219
E1_23_03_24,E1_23_03_24_4x5.JPG,6,1.05E-01,"55,227","16,772","101,074","-92,631",0.239
E1_23_03_24,E1_23_03_24_5x5.JPG,7,9.34E-02,"37,604","20,998","67,109","-129,123",0.212
E1_23_03_24,E1_23_03_24_6x5.JPG,8,8.78E-02,"40,048","18,653","64,409","-98,573",0.199
E1_23_03_24,E1_23_03_24_9x5.JPG,9,7.24E-02,"41,539","27,617","72,346","-93,069",0.164
E1_23_03_24,E1_23_03_24_10x5.JPG,10,7.70E-02,"74,818","45,229","102,549","-46,834",0.175
E1_23_03_24,E1_23_03_24_11x5.JPG,11,1.05E-01,"74,532","52,930","106,036","-109,270",0.238
E1_23_03_24,E1_23_03_24_12x5.JPG,12,1.03E-01,"30,130","17,045","41,777","-160,953",0.234
E1_23_03_24,E1_23_03_24_14x5.JPG,13,8.76E-02,"34,882","13,265","70,145","153,492",0.199
E1_23_03_24,E1_23_03_24_16x5.JPG,14,1.10E-01,"52,578","18,667","90,889","88,081",0.249
E1_23_03_24,E1_23_03_24_17x5.JPG,15,1.03E-01,"61,424","28,000","103,977","79,917",0.233
E1_23_03_24,E1_23_03_24_19x5.JPG,16,8.09E-02,"38,738","12,751","95,498","126,431",0.183
E1_23_03_24,E1_23_03_24_20x5.JPG,17,1.17E-01,"66,821","15,285","111,171","-160,130",0.266
E1_23_03_24,E1_23_03_24_21x5.JPG,18,7.16E-02,"33,877","17,806","53,173","158,429",0.163
E1_23_03_24,E1_23_03_24_24x5.JPG,19,1.11E-01,"52,526","16,384","89,255","164,824",0.252
E1_23_03_24,E1_23_03_24_25x5.JPG,20,9.15E-02,"65,533","30,264","91,279","8,387",0.208
E1_23_03_24,E1_23_03_24_28x5.JPG,21,1.01E-01,"56,479","25,408","93,512","-106,414",0.229
E1_23_03_24,E1_23_03_24_29x5.JPG,22,1.15E-01,"66,744","27,991","106,463","142,823",0.262
E1_23_03_24,E1_23_03_24_31x5.JPG,23,1.14E-01,"56,478","21,506","94,407","112,507",0.258
E1_23_03_24,E1_23_03_24_32x5.JPG,24,9.73E-02,"40,984","14,377","64,154","-87,263",0.221
E1_23_03_24,E1_23_03_24_34x5.JPG,25,1.13E-01,"51,543","29,943","81,949","115,997",0.258
E1_23_03_24,E1_23_03_24_38x5.JPG,26,1.06E-01,"59,793","34,033","91,403","138,775",0.241
E1_23_03_24,E1_23_03_24_39x5.JPG,27,1.02E-01,"72,337","30,143","130,106","48,312",0.231
E1_23_03_24,E1_23_03_24_40x5.JPG,28,1.09E-01,"81,303","44,663","122,320","173,492",0.248
E1_23_03_24,E1_23_03_24_41x5.JPG,29,9.73E-02,"46,886","13,868","86,266","66,592",0.221
E1_23_03_24,E1_23_03_24_42x5.JPG,30,9.78E-02,"68,350","24,944","106,191","-61,308",0.222
E1_23_03_24,E1_23_03_24_43x5.JPG,31,1.07E-01,"51,076","19,342","74,503","-172,282",0.242
E1_23_03_24,E1_23_03_24_46x5.JPG,32,1.07E-01,"66,226","35,461","87,886","43,389",0.243
E1_23_03_24,E1_23_03_24_48x5.JPG,33,1.04E-01,"75,960","51,209","92,649","158,612",0.237
E1_23_03_24,E1_23_03_24_49x5.JPG,34,1.09E-01,"65,950","26,569","114,807","80,454",0.246
F1_23_03_24,F1_23_03_24_1x5.JPG,35,7.57E-02,"114,741","73,276","136,285","-113,487",0.172
